Breton;place de Moreno;Leger;32481
Bertrand;rue de Maillet;Cohen;98378
Deschamps;chemin Honoré Daniel;Collet;76115
Vincent;avenue Couturier;Fouquet-sur-Muller;39379
Clerc;place Daniel Begue;Moreau-sur-Millet;60812
Jacques;boulevard Colas;Mahe;99914
Renaud;place de Lucas;Fernandesboeuf;89841
Duval;impasse de Techer;BourgeoisVille;23683
Guillou;avenue Jacques;Sauvage;25924
Clerc;place de Ferreira;Fleury;21504
Muller;impasse Caroline Philippe;Paris-sur-Nguyen;13901
Lemaire;place Leger;Danieldan;08281
Mahe;rue de Maillet;Collinnec;70190
Legrand;place Margaret Gaillard;Roger;73780
Valentin;boulevard Jacques Clerc;RoyerVille;56902
Merle;rue Christiane Dupre;Cohen;71627
Bourgeois;chemin Le Gall;Chauveau-sur-Le Roux;35678
Joly;impasse Allain;Clement-sur-Chretien;04301
Barbier;rue Delorme;Blondel-les-Bains;58404
Barbier;chemin de Marin;Vidal-sur-Mer;61834
Vallee;avenue Patrick Gallet;Legrand;17965
Raymond;chemin Claudine Tanguy;Torres;14142
Vasseur;place Leroy;Benard;06452
Gimenez;avenue de Briand;Gay;57904
Charrier;chemin Anastasie Roux;BlancVille;43113
Diaz;rue de Joly;Lefort;06314
Bourgeois;rue Adélaïde Marechal;Bonnet;30953
Bouvet;chemin de Fontaine;Bodin;12298
Clement;chemin Thierry Fabre;Lefort-la-Forêt;19861
Chauvin;chemin Benjamin Gomes;Morin;95751
Thomas;place de Vasseur;Ruiz;56864
Gomes;impasse Simone Vincent;Bourdon;51999
Arnaud;chemin de Devaux;Maillet-sur-Godard;89246
Legendre;rue de Benard;BlanchetBourg;87608
Carlier;place de Raymond;Costa;57131
Jacquet;place Bonnet;Gonzalez;96070
Caron;boulevard Margaux Reynaud;Richard;05863
Aubert;place Nath Bigot;Renard;00997
Robert;rue Bouvet;Grosdan;22227
Da Costa;place Victoire Maillet;ChauvinBourg;27813
Leclerc;boulevard Letellier;Gomez;60728
Lacroix;place de Faure;Baron;57723
Olivier;place Hugues Devaux;Lemoine-la-Forêt;37882
Pons;rue Geneviève Laroche;Ferreira;49933
Bourgeois;avenue de Poulain;Ribeiro-les-Bains;69466
Cousin;avenue Édith Chauveau;Blanchet;77178
Guyot;rue Patrick Caron;Dupontboeuf;44692
Chevalier;boulevard de Morel;Bouvier;16358
Barbier;boulevard Thomas;Lebon-sur-Sanchez;18447
Legros;place de Baron;Joseph;87793
Marchal;rue Fernandes;AdamVille;46891
Toussaint;avenue de Sauvage;Raymond;43759
Guyon;boulevard Marcelle Rousset;Morel;20750
Chartier;impasse de Durand;Georges-sur-Morin;91678
Laroche;impasse de Lebon;Guillon;95454
Dubois;boulevard Odette Tessier;Pelletier-sur-Mer;15360
Breton;rue de Marty;Dijoux-sur-Diallo;75883
Durand;rue Alphonse Le Gall;Chauvin-sur-Lagarde;57129
Auger;chemin de Pascal;Louis;60706
Jacques;rue de Briand;Martelboeuf;23924
Vasseur;place Guillon;Bonnin-la-Forêt;16830
Gauthier;boulevard de Dumont;Becker-la-Forêt;83120
Barbe;impasse Simone Bouchet;Rousset;51741
Henry;chemin Rémy Maillet;Legernec;56437
Petitjean;impasse Laporte;CollinVille;72144
Rousset;boulevard de Benoit;Chevalier-la-Forêt;61820
Pons;place de Blanchard;Francois;89273
Ferreira;avenue Breton;Chretien;26172
Grenier;place Margaux Diaz;Petitjean;32045
Imbert;boulevard de Bourdon;Piresdan;98903
Martineau;boulevard Dufour;Teixeira;66376
Techer;chemin de Boyer;Rossi;09844
Ruiz;place Monnier;Valentin-sur-David;95654
Rodriguez;boulevard Clerc;Leduc-la-Forêt;37013
Evrard;avenue Théophile Hamon;Ramos-la-Forêt;03014
Godard;chemin de Cousin;Chevalier;07761
Loiseau;boulevard de Teixeira;Marie;24596
Evrard;rue Fleury;Lefort-la-Forêt;74749
Pruvost;rue Éric Hernandez;Mace;30472
Alves;boulevard de Humbert;Didier-la-Forêt;80798
Langlois;boulevard Benjamin Bailly;Gomes;91652
Mercier;boulevard Salmon;Lambert;36951
Pineau;place Audrey Duval;Thibault;15111
Collin;rue Élodie Gautier;Le Roux;28715
Tanguy;avenue de Blin;Philippeboeuf;94066
Tanguy;chemin Joly;Couturier-sur-Dos Santos;60581
Hamel;impasse Roussel;Ruizboeuf;04780
Bouvet;chemin de Jacob;ReyVille;76199
Guyon;boulevard de Diallo;Cousin;91899
Lambert;rue de Olivier;Faure;13055
Bonneau;boulevard Luc Rocher;Gilbert-sur-Jacques;34142
Dias;chemin Thibaut Cousin;Rousseauboeuf;66149
Gay;rue Mallet;Rocher;13622
Fouquet;chemin de Coulon;Faivre;16822
Marion;impasse Isaac Picard;Fleury;67077
Humbert;rue Paul Seguin;Lesage-sur-Lacombe;54010
Cousin;avenue de Thibault;Marieboeuf;50432
Bailly;rue de Thibault;Dufour;45374
Renard;rue de Pineau;Joseph;44449
Faure;avenue Marcelle Gilles;Maury-sur-Mer;08631
Verdier;chemin de Berthelot;Raymond-sur-Mer;17037
Maurice;chemin Dumont;Julien;68402
Le Gall;place de Leleu;Lemoine;39162
Cousin;boulevard Olivier Weber;Langlois-les-Bains;89496
Coste;rue Marianne Vincent;Maury-sur-Mer;39914
Mathieu;rue Marchal;Weberboeuf;27776
Lejeune;chemin Sophie Delaunay;Dupont;11191
Aubry;chemin de Charrier;Arnaud-sur-Henry;95332
Julien;avenue Charrier;Lecomte-sur-Mer;77008
Ledoux;place Stéphane Denis;Jacques;87614
Gosselin;place de Boulanger;PetitjeanVille;04840
Grondin;place de Morvan;Diaz;52244
Vallee;rue Diaz;Reynaud-les-Bains;75230
Blin;boulevard de Bouchet;Gillet-les-Bains;90395
Riviere;chemin Benoît Duhamel;BoulayBourg;70307
Dufour;rue de Benard;Gosselin-sur-Tanguy;65235
Vasseur;rue Marechal;Pierre;79608
Besson;rue Gautier;Bruneau;82344
Joubert;impasse Leger;MaillardVille;62503
Masson;rue Roux;Maillot;39180
Colas;boulevard Colette Lesage;Guichard-la-Forêt;68451
Leblanc;chemin Susan Benoit;Chauvet;19470
Dupuis;avenue Pénélope Riou;Antoinedan;06431
Reynaud;rue Gaillard;Riviere-sur-Mer;10216
Laine;impasse Agnès Michel;Guicharddan;37715
Vallet;boulevard de Marchand;Lacombe;84415
Pichon;place Inès Rousset;Renaud;97613
Da Costa;boulevard Aimée Hoarau;Parent;73194
Berthelot;avenue de Marchand;Blanchet;01782
Gaudin;avenue Dumas;Salmon;72657
Brunel;rue de Pereira;Laroche;25501
Charrier;place Alfred Boyer;Lecontenec;67948
Dias;boulevard de Chauvet;BonneauVille;83615
Rey;avenue de Peron;Ferreira;49119
Dias;avenue Élodie Sanchez;Renaud;14916
Coste;avenue Lopes;VaillantVille;06870
Riou;impasse Teixeira;Bertrand;58586
Ferreira;place Luc Tessier;Lemonnier;50883
Bazin;rue Aubry;Maurice-sur-Perrot;43680
Gerard;rue Michaud;Paul;87856
Barthelemy;impasse Turpin;Ribeiro;29587
Vaillant;avenue Guillaume Dufour;Costa-sur-Fernandez;15493
Morvan;place Robert Dupre;Duranddan;35931
Martinez;chemin Bernard;Huet-les-Bains;12050
Gaudin;place Tristan Bonneau;Lenoir;50860
Perez;impasse Delannoy;Collet;82796
Faure;chemin de Bouvet;Da Silvaboeuf;86676
Rocher;impasse Nath Bigot;Collet;56505
Robert;rue de Bigot;Samson;42251
Pruvost;boulevard de Richard;Begue-sur-Mer;61223
Brunet;chemin de Bertrand;Grondinboeuf;10167
Bodin;rue Nathalie Ledoux;De Oliveira;45682
Dupuy;avenue Célina Nicolas;Fernandes;48405
Blanchet;rue Clerc;Leclerc;96992
Evrard;rue de Valette;Marechal;56225
Roussel;boulevard de Jacquot;Camus;79898
Dubois;boulevard Thibault;Gilbertboeuf;88834
Bonneau;avenue Daniel;Dos Santos-la-Forêt;03834
Joseph;avenue de Bernier;Costa-les-Bains;27960
Le Goff;rue Launay;Riviere;35582
Dos Santos;impasse Caroline Coste;Pierre-sur-Fabre;84883
Michel;rue Eugène Dupre;Milletdan;55833
Chartier;impasse de Allard;Deschamps;91865
Potier;boulevard Denise Ferrand;Mullerdan;02635
Jacquot;chemin de Aubert;Hebert;73778
Ramos;avenue Joseph Evrard;Paul;09143
Letellier;place de Gosselin;Navarronec;55962
Petit;place Fleury;Lemonnier-sur-Bruneau;04753
Vidal;rue Da Silva;Clerc-sur-Guillaume;72896
Dupont;rue Evrard;RobertVille;47007
Verdier;avenue de Renard;Labbe;69321
Carre;avenue de Carre;Sauvage-sur-Mer;92898
Potier;chemin Hebert;Raynaud;21707
Maillet;rue de Fouquet;Sanchez;35561
Jourdan;chemin Laure Berthelot;Berthelot;87991
Roger;rue Collin;Barbier-sur-Valette;35583
Leroy;avenue de Robert;Dubois;23443
Marie;boulevard de Delattre;Vallet;08803
Weiss;rue de Garnier;Leroynec;54811
Jacques;chemin de Millet;Maillot;88708
Gomez;place Dupre;Coste-sur-Raymond;97489
Hamon;boulevard Marianne Valette;Fabre;74721
Chevallier;place Alphonse Couturier;Neveu;33401
Roux;impasse Joséphine Garcia;Lacroix;13465
Verdier;avenue Le Goff;FischerBourg;15259
Lombard;impasse Arnaude Gilles;Hamon-sur-Lemaire;11154
Weiss;boulevard Guillaume;Peron;98214
Grondin;rue Grégoire Boucher;Rocherdan;05534
Samson;rue de Legendre;Guillaume;54106
Millet;chemin Alexandre Caron;Traoreboeuf;75803
Ledoux;place Éric Coste;Hoareau;05273
Blanchard;boulevard Toussaint;Hardydan;72002
Rey;rue de Remy;Vaillant;46326
Le Gall;boulevard Suzanne Huet;Schneider;75832
Laine;place Barbier;Rousseau;63560
Launay;boulevard de Alexandre;Boulanger-les-Bains;38417
Le Gall;boulevard Prevost;Texier;57514
Payet;boulevard Leroy;Tanguy-sur-Boulay;08853
Benoit;impasse Duhamel;Huet;41910
Baudry;chemin Marty;Hernandez;27211
Vallet;impasse de Gilles;Ollivier;66601
Teixeira;rue Joubert;Brunet;26715
Gregoire;place Sophie Bazin;Gomes-sur-Mer;44592
Etienne;rue Moreau;Diaz-sur-Bouchet;78579
Henry;boulevard Hardy;Laroche-sur-Gosselin;66536
Vallet;chemin de Delahaye;Lemoinenec;34550
Baron;place Martin Evrard;Blondeldan;04478
Lambert;impasse de Durand;Gallet;46451
Bonnet;chemin Marcelle Roux;Leclerc;77438
Francois;place Chevalier;Morin-sur-Mer;66115
Regnier;rue Grenier;Peron-sur-Raymond;67794
Vallet;impasse Dorothée Dos Santos;Joubert;80046
Jean;chemin Giraud;ValetteBourg;85437
Courtois;chemin Aubert;Rodrigues-sur-Mer;67492
Deschamps;rue Célina Masson;Joly;99813
Lopez;chemin de Joseph;Tanguydan;29368
Richard;rue William Blanchard;Blot;53576
Delorme;chemin Matthieu Charpentier;Klein-sur-Morel;77035
Guerin;rue Aubry;Garniernec;46747
Perez;impasse Carlier;RoussetBourg;37117
Poulain;chemin Coulon;Paul;06476
Muller;avenue Fernandes;Martineau-sur-Lemonnier;05055
Camus;place de Charles;Herve;39012
Fernandez;chemin Corinne Descamps;Paul;77730
Boucher;impasse Didier;Clement-les-Bains;12181
Guillet;rue de Cousin;Couturier-les-Bains;30570
Vincent;rue Brun;Carpentier;20536
Etienne;boulevard Marguerite Blin;Legrand;19519
Laroche;avenue Laine;MorelBourg;05994
Toussaint;chemin Antoinette Marechal;Grondin;53837
Maillet;chemin Garnier;LeclercqBourg;87445
Peltier;rue de Bonnet;Malletboeuf;10450
Blin;rue de Hoareau;Chevallier;93825
Fischer;avenue de Langlois;Parentdan;26532
Brunet;rue de Cousin;Bertinnec;43401
Vaillant;avenue Richard Lemonnier;Labbe;87715
Boutin;impasse de Rocher;Morel-les-Bains;12926
Hardy;avenue Claudine Gallet;Ribeiro;15169
Jacob;rue de Fernandes;PerretBourg;37530
Peron;chemin de Vidal;Mace;95868
Guillaume;rue de Laroche;Martineau-les-Bains;20239
Buisson;boulevard de Rossi;Toussaint-sur-Morin;64046
Allain;place Lefebvre;Thierryboeuf;72131
Leclercq;rue Auguste Chauveau;Gauthier-sur-Hamel;29862
Briand;impasse De Sousa;Lefebvre-sur-Delattre;98026
Deschamps;avenue de Fournier;Blot-sur-Jean;50083
Techer;boulevard Boulay;Michaud;45119
De Oliveira;rue de Valentin;Gilbert-sur-Renaud;82723
Blin;avenue Roger;MartineauBourg;78315
Morin;rue de Vallet;LacroixVille;62992